tweet_id,in_reply_to_status_id,in_reply_to_user_id,timestamp,source,text,retweeted_status_id,retweeted_status_user_id,retweeted_status_timestamp,expanded_urls
466119227208782000,,,2014-05-13 07:34:18 +0000,"<a href=""http://twitter.com/download/iphone"" rel=""nofollow"">Twitter for iPhone</a>",1 whole wheat bread toast + margarine + 2 orange cocktail tomatoes + pepper + salt http://t.co/TZyaafDGwP,,,,https://twitter.com/mizhnev/status/466119227208781824/photo/1
466119704327619000,,,2014-05-13 07:36:12 +0000,"<a href=""http://twitter.com/download/iphone"" rel=""nofollow"">Twitter for iPhone</a>",1 sprouted-grain bread toast + margarine + roasted garlic hummus + old cheddar cheese + pepper http://t.co/LquddWHZE7,,,,https://twitter.com/mizhnev/status/466119704327618560/photo/1
466122249053823000,,,2014-05-13 07:46:18 +0000,"<a href=""http://twitter.com/download/iphone"" rel=""nofollow"">Twitter for iPhone</a>",crystallized ginger (7 g) http://t.co/CdbBXwSKNS,,,,https://twitter.com/mizhnev/status/466122249053822977/photo/1
466124522588893000,,,2014-05-13 07:55:21 +0000,"<a href=""http://twitter.com/download/iphone"" rel=""nofollow"">Twitter for iPhone</a>",crystallized ginger (7 g) http://t.co/h4j6NygIUf,,,,https://twitter.com/mizhnev/status/466124522588893184/photo/1
466126523762610000,,,2014-05-13 08:03:18 +0000,"<a href=""http://twitter.com/download/iphone"" rel=""nofollow"">Twitter for iPhone</a>",1 ambrosia apple (175 g) http://t.co/oCSExvuBY8,,,,https://twitter.com/mizhnev/status/466126523762610176/photo/1
466303624193118000,,,2014-05-13 19:47:02 +0000,"<a href=""http://twitter.com/download/iphone"" rel=""nofollow"">Twitter for iPhone</a>",more than 250 mL of coffee http://t.co/QwUnK3mGs7,,,,https://twitter.com/mizhnev/status/466303624193118208/photo/1
466304102691897000,,,2014-05-13 19:48:56 +0000,"<a href=""http://twitter.com/download/iphone"" rel=""nofollow"">Twitter for iPhone</a>",2 whole wheat bread toasts + no-additive peanut butter + no-sugar-added raspberry jam http://t.co/MgrFz5A3oz,,,,https://twitter.com/mizhnev/status/466304102691897344/photo/1
466310295732777000,,,2014-05-13 20:13:32 +0000,"<a href=""http://twitter.com/download/iphone"" rel=""nofollow"">Twitter for iPhone</a>",a mugful of coffee http://t.co/Ep39gk7eN2,,,,https://twitter.com/mizhnev/status/466310295732776960/photo/1
466322675275948000,,,2014-05-13 21:02:44 +0000,"<a href=""http://twitter.com/download/iphone"" rel=""nofollow"">Twitter for iPhone</a>",1 grapefruit (333 g) http://t.co/OXlyI6cHdA,,,,https://twitter.com/mizhnev/status/466322675275948032/photo/1
466355528369971000,,,2014-05-13 23:13:17 +0000,"<a href=""http://twitter.com/download/iphone"" rel=""nofollow"">Twitter for iPhone</a>",crystallized ginger (25 g) http://t.co/sfVh12KSvh,,,,https://twitter.com/mizhnev/status/466355528369971200/photo/1
466444028352139000,,,2014-05-14 01:04:57 +0000,"<a href=""http://twitter.com/download/iphone"" rel=""nofollow"">Twitter for iPhone</a>",400 mL orange juice http://t.co/z6yG1XQsTi,,,,https://twitter.com/mizhnev/status/466444028352139264/photo/1
466460122987123000,,,2014-05-14 06:08:54 +0000,"<a href=""http://twitter.com/download/iphone"" rel=""nofollow"">Twitter for iPhone</a>",2 whole wheat bread toasts + margarine + roasted garlic hummus + old cheddar http://t.co/QRqkxcx1ZT,,,,https://twitter.com/mizhnev/status/466460122987122688/photo/1
466463722530435000,,,2014-05-14 06:23:12 +0000,"<a href=""http://twitter.com/download/iphone"" rel=""nofollow"">Twitter for iPhone</a>",1 ambrosia apple (165 g) http://t.co/EQ0xPzp91j,,,,https://twitter.com/mizhnev/status/466463722530435072/photo/1
466468659062641000,,,2014-05-14 06:42:49 +0000,"<a href=""http://twitter.com/download/iphone"" rel=""nofollow"">Twitter for iPhone</a>",a mugful of weak instant coffee http://t.co/hLUq4nXiwb,,,,https://twitter.com/mizhnev/status/466468659062640640/photo/1
466478349540684000,,,2014-05-14 07:21:19 +0000,"<a href=""http://twitter.com/download/iphone"" rel=""nofollow"">Twitter for iPhone</a>",water + apple cider vinegar (30 mL) http://t.co/Kt9d4KQ6Up,,,,https://twitter.com/mizhnev/status/466478349540683776/photo/1
466511999770165000,,,2014-05-14 09:35:02 +0000,"<a href=""http://twitter.com/download/iphone"" rel=""nofollow"">Twitter for iPhone</a>",0% vanilla greek yogurt (175 g) + chia/hemp/buckwheat seed blend (39 g) + almonds (12 g) http://t.co/cdA2hhBWsB,,,,https://twitter.com/mizhnev/status/466511999770165248/photo/1
466614030661345000,,,2014-05-14 16:20:28 +0000,"<a href=""http://twitter.com/download/iphone"" rel=""nofollow"">Twitter for iPhone</a>",crystallized ginger (13 g) http://t.co/h1x7t6SRwv,,,,https://twitter.com/mizhnev/status/466614030661345280/photo/1
466619575736758000,,,2014-05-14 16:42:30 +0000,"<a href=""http://twitter.com/download/iphone"" rel=""nofollow"">Twitter for iPhone</a>",coffeeeeee http://t.co/7FMW7lRN77,,,,https://twitter.com/mizhnev/status/466619575736758274/photo/1
466619935204991000,,,2014-05-14 16:43:56 +0000,"<a href=""http://twitter.com/download/iphone"" rel=""nofollow"">Twitter for iPhone</a>",2 sprouted-grain bread toasts + no-additive peanut butter + no-sugar-added raspberry jam http://t.co/pC2K828pU2,,,,https://twitter.com/mizhnev/status/466619935204990977/photo/1
466626338498314000,,,2014-05-14 17:09:23 +0000,"<a href=""http://twitter.com/download/iphone"" rel=""nofollow"">Twitter for iPhone</a>",another coffee http://t.co/cbaMjA14z7,,,,https://twitter.com/mizhnev/status/466626338498314240/photo/1
466645812584669000,,,2014-05-14 18:26:46 +0000,"<a href=""http://twitter.com/download/iphone"" rel=""nofollow"">Twitter for iPhone</a>",many sugar snap peas + 4 garlic-stuffed manzanilla olives + 6 kalamata olives http://t.co/yrmjenpxIH,,,,https://twitter.com/mizhnev/status/466645812584669184/photo/1
466646063432999000,,,2014-05-14 18:27:46 +0000,"<a href=""http://twitter.com/download/iphone"" rel=""nofollow"">Twitter for iPhone</a>",smoked oysters (85 g) + hot sauce http://t.co/jvM526yc00,,,,https://twitter.com/mizhnev/status/466646063432998913/photo/1
466665475594662000,,,2014-05-14 19:44:54 +0000,"<a href=""http://twitter.com/download/iphone"" rel=""nofollow"">Twitter for iPhone</a>",1 ambrosia apple (173 g) http://t.co/WNftlDWvSt,,,,https://twitter.com/mizhnev/status/466665475594661888/photo/1
466803175098315000,,,2014-05-14 20:52:04 +0000,"<a href=""http://twitter.com"" rel=""nofollow"">Twitter Web Client</a>",a vegetarian burger + a salad with fruity vinaigrette http://t.co/ZFUyuMiyRF,,,,https://twitter.com/mizhnev/status/466803175098314753/photo/1
466805878675362000,,,2014-05-14 21:32:48 +0000,"<a href=""http://twitter.com/download/iphone"" rel=""nofollow"">Twitter for iPhone</a>",i squeezed like 45 mL of honey directly into my mouth,,,,
466806052718010000,,,2014-05-14 22:03:30 +0000,"<a href=""http://twitter.com/download/iphone"" rel=""nofollow"">Twitter for iPhone</a>",a small piece of crystallized ginger,,,,
466806320213942000,,,2014-05-14 23:04:34 +0000,"<a href=""http://twitter.com/download/iphone"" rel=""nofollow"">Twitter for iPhone</a>",coffee with cream,,,,
466806399175889000,,,2014-05-15 03:04:53 +0000,"<a href=""http://twitter.com/download/iphone"" rel=""nofollow"">Twitter for iPhone</a>",coffee without cream,,,,
466824002195816000,,,2014-05-15 06:14:49 +0000,"<a href=""http://twitter.com/download/iphone"" rel=""nofollow"">Twitter for iPhone</a>",2 sprouted-grain bread toasts + margarine + roasted garlic hummus + old cheddar http://t.co/GcxZsiA7KF,,,,https://twitter.com/mizhnev/status/466824002195816448/photo/1
466828194847289000,,,2014-05-15 06:31:29 +0000,"<a href=""http://twitter.com/download/iphone"" rel=""nofollow"">Twitter for iPhone</a>",almonds http://t.co/74o7b2K6bu,,,,https://twitter.com/mizhnev/status/466828194847289345/photo/1
466831232035070000,,,2014-05-15 06:43:33 +0000,"<a href=""http://twitter.com/download/iphone"" rel=""nofollow"">Twitter for iPhone</a>",0% vanilla greek yogurt + no-sugar-added raspberry jam + chia/hemp/buckwheat seed blend http://t.co/kHz7sn123C,,,,https://twitter.com/mizhnev/status/466831232035069952/photo/1
466834711856157000,,,2014-05-15 06:57:23 +0000,"<a href=""http://twitter.com/download/iphone"" rel=""nofollow"">Twitter for iPhone</a>",crystallized ginger (unknown amount) http://t.co/o1suLtcwOD,,,,https://twitter.com/mizhnev/status/466834711856156672/photo/1
467007512349143000,,,2014-05-15 18:24:02 +0000,"<a href=""http://twitter.com/download/iphone"" rel=""nofollow"">Twitter for iPhone</a>",approx. 250 mL of coffee http://t.co/RNR174whMu,,,,https://twitter.com/mizhnev/status/467007512349143040/photo/1
467007837168603000,,,2014-05-15 18:25:19 +0000,"<a href=""http://twitter.com/download/iphone"" rel=""nofollow"">Twitter for iPhone</a>",1 whole wheat bread toast + no-additive peanut butter + no-sugar-added raspberry jam http://t.co/RCXnI0KLD7,,,,https://twitter.com/mizhnev/status/467007837168603136/photo/1
467018734771532000,,,2014-05-15 19:08:37 +0000,"<a href=""http://twitter.com/download/iphone"" rel=""nofollow"">Twitter for iPhone</a>",a grapefruit (352 g) http://t.co/iMgc34XV4Y,,,,https://twitter.com/mizhnev/status/467018734771531776/photo/1
467018884772409000,,,2014-05-15 19:09:13 +0000,"<a href=""http://twitter.com/download/iphone"" rel=""nofollow"">Twitter for iPhone</a>",cup of coffee http://t.co/euJK7Hxf8Z,,,,https://twitter.com/mizhnev/status/467018884772409345/photo/1
467035883036607000,,,2014-05-15 20:16:46 +0000,"<a href=""http://twitter.com/download/iphone"" rel=""nofollow"">Twitter for iPhone</a>",crystallized ginger http://t.co/c9dwHdEuxs,,,,https://twitter.com/mizhnev/status/467035883036606464/photo/1
467104001108873000,,,2014-05-16 00:47:26 +0000,"<a href=""http://twitter.com/download/iphone"" rel=""nofollow"">Twitter for iPhone</a>",green tea http://t.co/M9zwgDlz0o,,,,https://twitter.com/mizhnev/status/467104001108873216/photo/1
467104222547169000,,,2014-05-16 00:48:19 +0000,"<a href=""http://twitter.com/download/iphone"" rel=""nofollow"">Twitter for iPhone</a>",miso soup http://t.co/Wi84a8fDJn,,,,https://twitter.com/mizhnev/status/467104222547169280/photo/1
467104410716234000,,,2014-05-16 00:49:04 +0000,"<a href=""http://twitter.com/download/iphone"" rel=""nofollow"">Twitter for iPhone</a>",fried tofu http://t.co/0GBkD7Clbp,,,,https://twitter.com/mizhnev/status/467104410716233728/photo/1
467104528647479000,,,2014-05-16 00:49:32 +0000,"<a href=""http://twitter.com/download/iphone"" rel=""nofollow"">Twitter for iPhone</a>",tuna http://t.co/AYGmqntyiq,,,,https://twitter.com/mizhnev/status/467104528647479297/photo/1
467104635937772000,,,2014-05-16 00:49:58 +0000,"<a href=""http://twitter.com/download/iphone"" rel=""nofollow"">Twitter for iPhone</a>",some different maki http://t.co/C5bl6d9zH0,,,,https://twitter.com/mizhnev/status/467104635937771520/photo/1
467198051199644000,,,2014-05-16 07:01:10 +0000,"<a href=""http://twitter.com/download/iphone"" rel=""nofollow"">Twitter for iPhone</a>",2 whole wheat bread toasts + margarine + roasted garlic hummus + old cheddar http://t.co/M9gULNGwmJ,,,,https://twitter.com/mizhnev/status/467198051199643648/photo/1
467214627466510000,,,2014-05-16 08:07:02 +0000,"<a href=""http://twitter.com/download/iphone"" rel=""nofollow"">Twitter for iPhone</a>",orange juice http://t.co/0hev8vkR8i,,,,https://twitter.com/mizhnev/status/467214627466510336/photo/1
467405790949548000,,,2014-05-16 20:46:39 +0000,"<a href=""http://twitter.com/download/iphone"" rel=""nofollow"">Twitter for iPhone</a>",0% vanilla greek yogurt (185 g) + no-sugar-added raspberry jam (15 g) + chia/hemp/buckwheat seed blend (51 g) + almonds (21 g) http://t.co/HrhBqgiIXa,,,,https://twitter.com/mizhnev/status/467405790949548032/photo/1
467425646382031000,,,2014-05-16 22:05:33 +0000,"<a href=""http://twitter.com/download/iphone"" rel=""nofollow"">Twitter for iPhone</a>",1 whole wheat bread toast + margarine + 1 sprouted-grain bread toast + margarine + sugar snap peas + olives http://t.co/QuxldzH57d,,,,https://twitter.com/mizhnev/status/467425646382030848/photo/1
467450766228075000,,,2014-05-16 23:45:22 +0000,"<a href=""http://twitter.com/download/iphone"" rel=""nofollow"">Twitter for iPhone</a>",coffee http://t.co/zOrxSGQAAR,,,,https://twitter.com/mizhnev/status/467450766228074496/photo/1
467456328621765000,,,2014-05-17 00:07:28 +0000,"<a href=""http://twitter.com/download/iphone"" rel=""nofollow"">Twitter for iPhone</a>",coffee http://t.co/80Us02X5Tb,,,,https://twitter.com/mizhnev/status/467456328621764608/photo/1
467575712002482000,,,2014-05-17 08:01:51 +0000,"<a href=""http://twitter.com/download/iphone"" rel=""nofollow"">Twitter for iPhone</a>",4 kale stems + 2 campari tomatoes + 1 garlic clove + olive oil + balsamic vinegar + salt + pepper http://t.co/zZWvKm9sZk,,,,https://twitter.com/mizhnev/status/467575712002482176/photo/1
467576889687544000,,,2014-05-17 08:06:32 +0000,"<a href=""http://twitter.com/download/iphone"" rel=""nofollow"">Twitter for iPhone</a>",grilled cheese sandwich (2 whole wheat breads + margarine + old cheddar) http://t.co/eRuH66q8yR,,,,https://twitter.com/mizhnev/status/467576889687543808/photo/1
467756138595746000,,,2014-05-17 19:58:48 +0000,"<a href=""http://twitter.com/download/iphone"" rel=""nofollow"">Twitter for iPhone</a>",coffee + half&amp;half http://t.co/kUsMIaU41V,,,,https://twitter.com/mizhnev/status/467756138595745792/photo/1
467756314483888000,,,2014-05-17 19:59:30 +0000,"<a href=""http://twitter.com/download/iphone"" rel=""nofollow"">Twitter for iPhone</a>",2 sprouted-grain bread toasts + peanut butter + raspberry jam http://t.co/JGHPspsGhk,,,,https://twitter.com/mizhnev/status/467756314483888128/photo/1
467763247374819000,,,2014-05-17 20:27:03 +0000,"<a href=""http://twitter.com/download/iphone"" rel=""nofollow"">Twitter for iPhone</a>",coffee http://t.co/53ux8pzVAn,,,,https://twitter.com/mizhnev/status/467763247374819328/photo/1
467764424493654000,,,2014-05-17 20:31:44 +0000,"<a href=""http://twitter.com/download/iphone"" rel=""nofollow"">Twitter for iPhone</a>",a gala apple (151 g) http://t.co/B2GyVpqbVr,,,,https://twitter.com/mizhnev/status/467764424493654016/photo/1
467784665563029000,,,2014-05-17 21:52:09 +0000,"<a href=""http://twitter.com/download/iphone"" rel=""nofollow"">Twitter for iPhone</a>",coffee + half&amp;half  http://t.co/7HEvJxudRf,,,,https://twitter.com/mizhnev/status/467784665563029504/photo/1
467831740992483000,,,2014-05-18 00:59:13 +0000,"<a href=""http://twitter.com/download/iphone"" rel=""nofollow"">Twitter for iPhone</a>",a handful of almonds http://t.co/Frn2gI9jKC,,,,https://twitter.com/mizhnev/status/467831740992483328/photo/1
467837392041153000,,,2014-05-18 01:21:40 +0000,"<a href=""http://twitter.com/download/iphone"" rel=""nofollow"">Twitter for iPhone</a>",earl grey tea http://t.co/SO381mXTV3,,,,https://twitter.com/mizhnev/status/467837392041152512/photo/1
467847936508826000,,,2014-05-18 02:03:34 +0000,"<a href=""http://twitter.com/download/iphone"" rel=""nofollow"">Twitter for iPhone</a>",sugar snap peas http://t.co/cOeJEYABY8,,,,https://twitter.com/mizhnev/status/467847936508825600/photo/1
467957735321919000,,,2014-05-18 09:19:52 +0000,"<a href=""http://twitter.com/download/iphone"" rel=""nofollow"">Twitter for iPhone</a>","2 sprouted-grain toasts + margarine: 1 w/ tomato + pepper, 1 w/ roasted garlic hummus + old cheddar + pepper http://t.co/v06r6t2DRw",,,,https://twitter.com/mizhnev/status/467957735321919488/photo/1
467977352777974000,,,2014-05-18 10:37:50 +0000,"<a href=""http://twitter.com/download/iphone"" rel=""nofollow"">Twitter for iPhone</a>",strong instant coffee + half&amp;half http://t.co/ZWt85aZBcS,,,,https://twitter.com/mizhnev/status/467977352777973760/photo/1
468143516690817000,,,2014-05-18 20:38:06 +0000,"<a href=""http://twitter.com/download/iphone"" rel=""nofollow"">Twitter for iPhone</a>",coffee + cream + saladfood + bread + cheese + tofu + soybacon etc. ,,,,
468142772034081000,,,2014-05-18 21:35:09 +0000,"<a href=""http://twitter.com/download/iphone"" rel=""nofollow"">Twitter for iPhone</a>",some unsweetened vanilla almond milk directly from the thing http://t.co/Hc4B8gefHv,,,,https://twitter.com/mizhnev/status/468142772034080768/photo/1
468142921129017000,,,2014-05-18 21:35:44 +0000,"<a href=""http://twitter.com/download/iphone"" rel=""nofollow"">Twitter for iPhone</a>",green banana http://t.co/WXaey4Ib56,,,,https://twitter.com/mizhnev/status/468142921129017344/photo/1
468258859404915000,,,2014-05-19 05:16:26 +0000,"<a href=""http://twitter.com/download/iphone"" rel=""nofollow"">Twitter for iPhone</a>",chugging unsweetened vanilla almond milk right outta the carton http://t.co/euOu44JoOG,,,,https://twitter.com/mizhnev/status/468258859404914690/photo/1
468259084689367000,,,2014-05-19 05:17:20 +0000,"<a href=""http://twitter.com/download/iphone"" rel=""nofollow"">Twitter for iPhone</a>",green banana http://t.co/o9ZG8PcV36,,,,https://twitter.com/mizhnev/status/468259084689367040/photo/1
468361117966672000,,,2014-05-19 12:02:46 +0000,"<a href=""http://twitter.com/download/iphone"" rel=""nofollow"">Twitter for iPhone</a>",orange juice (200 mL) http://t.co/fxmY7avxOa,,,,https://twitter.com/mizhnev/status/468361117966671873/photo/1
468459481790042000,,,2014-05-19 18:33:38 +0000,"<a href=""http://twitter.com/download/iphone"" rel=""nofollow"">Twitter for iPhone</a>",banana http://t.co/RJ9WSyq4Ep,,,,https://twitter.com/mizhnev/status/468459481790042114/photo/1
468467189226279000,,,2014-05-19 19:04:16 +0000,"<a href=""http://twitter.com/download/iphone"" rel=""nofollow"">Twitter for iPhone</a>",2 whole wheat bread toasts + margarine + 2 campari tomatoes + salt + pepper http://t.co/bkW0Vaws1L,,,,https://twitter.com/mizhnev/status/468467189226278912/photo/1
468467918619955000,,,2014-05-19 19:07:10 +0000,"<a href=""http://twitter.com/download/iphone"" rel=""nofollow"">Twitter for iPhone</a>",coffee + half&amp;half http://t.co/Mg1u8a8QtA,,,,https://twitter.com/mizhnev/status/468467918619955202/photo/1
468473495085519000,,,2014-05-19 19:29:19 +0000,"<a href=""http://twitter.com/download/iphone"" rel=""nofollow"">Twitter for iPhone</a>",a gala apple (160 g) http://t.co/wavvyv01JC,,,,https://twitter.com/mizhnev/status/468473495085518849/photo/1
468479648410530000,,,2014-05-19 19:53:46 +0000,"<a href=""http://twitter.com/download/iphone"" rel=""nofollow"">Twitter for iPhone</a>",coffee http://t.co/2trpx4tD6y,,,,https://twitter.com/mizhnev/status/468479648410529792/photo/1
468516122887594000,,,2014-05-19 22:18:42 +0000,"<a href=""http://twitter.com/download/iphone"" rel=""nofollow"">Twitter for iPhone</a>",a handful of almonds http://t.co/Z6uhV90J0F,,,,https://twitter.com/mizhnev/status/468516122887593985/photo/1
468517547017384000,,,2014-05-19 22:24:22 +0000,"<a href=""http://twitter.com/download/iphone"" rel=""nofollow"">Twitter for iPhone</a>",coffee + half&amp;half http://t.co/PtvYvx6SSc,,,,https://twitter.com/mizhnev/status/468517547017383936/photo/1
468560432349725000,,,2014-05-20 01:14:47 +0000,"<a href=""http://twitter.com/download/iphone"" rel=""nofollow"">Twitter for iPhone</a>",0% vanilla greek yogurt (~250 g) + cocoa powder (11 g) + no-sugar-added raspberry jam (40 g) + almonds (20 g) + seed blend (42 g) http://t.co/bnOq3agV6T,,,,https://twitter.com/mizhnev/status/468560432349724673/photo/1
468574169727119000,,,2014-05-20 02:09:22 +0000,"<a href=""http://twitter.com/download/iphone"" rel=""nofollow"">Twitter for iPhone</a>",4.5 kale stems + 2 campari tomatoes + 2 garlic cloves + evoo + balsamic + salt + pepper + 2 sprouted-flax toasts + margarine http://t.co/Gd97jwVTW3,,,,https://twitter.com/mizhnev/status/468574169727119360/photo/1
468577337781416000,,,2014-05-20 02:21:57 +0000,"<a href=""http://twitter.com/download/iphone"" rel=""nofollow"">Twitter for iPhone</a>",a chocolate mint http://t.co/Tl5KePtHnS,,,,https://twitter.com/mizhnev/status/468577337781415936/photo/1
468621243860521000,,,2014-05-20 05:16:25 +0000,"<a href=""http://twitter.com/download/iphone"" rel=""nofollow"">Twitter for iPhone</a>",4 squares of caramel and sea salt dark chocolate http://t.co/nOTxJv2Gl6,,,,https://twitter.com/mizhnev/status/468621243860520962/photo/1
468646906562748000,,,2014-05-20 06:58:24 +0000,"<a href=""http://twitter.com/download/iphone"" rel=""nofollow"">Twitter for iPhone</a>",fried peanut butter and banana sandwich: 2 sprouted-grain breads + margarine + peanut butter + banana + cinnamon http://t.co/QnYJS6OPbA,,,,https://twitter.com/mizhnev/status/468646906562748416/photo/1
468659946771317000,,,2014-05-20 07:50:13 +0000,"<a href=""http://twitter.com/download/iphone"" rel=""nofollow"">Twitter for iPhone</a>",orange juice http://t.co/RhwJjb4QYN,,,,https://twitter.com/mizhnev/status/468659946771316736/photo/1
468660746206077000,,,2014-05-20 07:53:23 +0000,"<a href=""http://twitter.com/download/iphone"" rel=""nofollow"">Twitter for iPhone</a>",banana http://t.co/Vfj5l9L2PP,,,,https://twitter.com/mizhnev/status/468660746206076928/photo/1
468803354777248000,,,2014-05-20 17:20:04 +0000,"<a href=""http://twitter.com/download/iphone"" rel=""nofollow"">Twitter for iPhone</a>",orange juice http://t.co/ww7rTNAu7u,,,,https://twitter.com/mizhnev/status/468803354777247744/photo/1
468841195880587000,,,2014-05-20 19:50:26 +0000,"<a href=""http://twitter.com/download/iphone"" rel=""nofollow"">Twitter for iPhone</a>",coffee + half&amp;half http://t.co/kzzTOLD0QG,,,,https://twitter.com/mizhnev/status/468841195880587264/photo/1
468841517331665000,,,2014-05-20 19:51:43 +0000,"<a href=""http://twitter.com/download/iphone"" rel=""nofollow"">Twitter for iPhone</a>",2 sprouted-grain bread toasts + no-additive smooth peanut butter + no-sugar-added raspberry jam http://t.co/HovQuSS9kL,,,,https://twitter.com/mizhnev/status/468841517331664896/photo/1
468852503837430000,,,2014-05-20 20:35:22 +0000,"<a href=""http://twitter.com/download/iphone"" rel=""nofollow"">Twitter for iPhone</a>",coffee http://t.co/LKBy8YiW31,,,,https://twitter.com/mizhnev/status/468852503837429760/photo/1
468894184615973000,,,2014-05-20 23:20:59 +0000,"<a href=""http://twitter.com/download/iphone"" rel=""nofollow"">Twitter for iPhone</a>","a gala apple (148 g, slightly mushy) http://t.co/spBmLiBK82",,,,https://twitter.com/mizhnev/status/468894184615972864/photo/1
468896276831293000,,,2014-05-20 23:29:18 +0000,"<a href=""http://twitter.com/download/iphone"" rel=""nofollow"">Twitter for iPhone</a>",3 squares caramel and sea salt dark chocolate http://t.co/zZwTbNvjFS,,,,https://twitter.com/mizhnev/status/468896276831293442/photo/1
468948691978846000,,,2014-05-21 02:57:35 +0000,"<a href=""http://twitter.com/download/iphone"" rel=""nofollow"">Twitter for iPhone</a>",earl grey tea http://t.co/AUz8eGKAp9,,,,https://twitter.com/mizhnev/status/468948691978846208/photo/1
468976209959731000,,,2014-05-21 04:46:56 +0000,"<a href=""http://twitter.com/download/iphone"" rel=""nofollow"">Twitter for iPhone</a>",2 sprouted-flax bread toasts + margarine + 2 campari tomatoes + salt + pepper + sugar snap peas http://t.co/PLTz1MWsk0,,,,https://twitter.com/mizhnev/status/468976209959731200/photo/1
469012350616347000,,,2014-05-21 07:10:32 +0000,"<a href=""http://twitter.com/download/iphone"" rel=""nofollow"">Twitter for iPhone</a>",1 square caramel and sea salt dark chocolate http://t.co/qjRKbKeaVM,,,,https://twitter.com/mizhnev/status/469012350616346624/photo/1
469035916359512000,,,2014-05-21 08:44:11 +0000,"<a href=""http://twitter.com/download/iphone"" rel=""nofollow"">Twitter for iPhone</a>",2 toasts + margarine + hummus + pepper + wine-marinated kalamata olives + wine-marinated garlic-stuffed manzanilla olives http://t.co/t2BwRDFC7d,,,,https://twitter.com/mizhnev/status/469035916359512064/photo/1
469038717785477000,,,2014-05-21 08:55:19 +0000,"<a href=""http://twitter.com/download/iphone"" rel=""nofollow"">Twitter for iPhone</a>",a banana http://t.co/4DCiD7FsMW,,,,https://twitter.com/mizhnev/status/469038717785477120/photo/1
469169507726918000,,,2014-05-21 17:35:02 +0000,"<a href=""http://twitter.com/download/iphone"" rel=""nofollow"">Twitter for iPhone</a>",a banana http://t.co/omXL11mv32,,,,https://twitter.com/mizhnev/status/469169507726917632/photo/1
469179530406412000,,,2014-05-21 18:14:51 +0000,"<a href=""http://twitter.com/download/iphone"" rel=""nofollow"">Twitter for iPhone</a>",2 sprouted-grain bread toasts + no-additive smooth peanut butter + no-sugar-added raspberry jam http://t.co/U2ybn9MPEP,,,,https://twitter.com/mizhnev/status/469179530406412288/photo/1
469179782425371000,,,2014-05-21 18:15:51 +0000,"<a href=""http://twitter.com/download/iphone"" rel=""nofollow"">Twitter for iPhone</a>",coffee + half&amp;half http://t.co/FCcVOdSlCl,,,,https://twitter.com/mizhnev/status/469179782425370624/photo/1
469355861614133000,,,2014-05-21 23:55:32 +0000,"<a href=""http://twitter.com/download/iphone"" rel=""nofollow"">Twitter for iPhone</a>",a hamburger-shaped mass of quinoa + vegetables + bread + cheese + also some carrot soup + a few french fries,,,,
469356752366862000,,,2014-05-22 00:59:04 +0000,"<a href=""http://twitter.com/download/iphone"" rel=""nofollow"">Twitter for iPhone</a>",an absurdly delightful number of unwashed strawberries,,,,
469356802790797000,,,2014-05-22 02:59:16 +0000,"<a href=""http://twitter.com/download/iphone"" rel=""nofollow"">Twitter for iPhone</a>","a coffee + cream, an apricot-themed beer, and then another coffee + cream",,,,
469365680928616000,,,2014-05-22 06:34:33 +0000,"<a href=""http://twitter.com/download/iphone"" rel=""nofollow"">Twitter for iPhone</a>",2 sprouted-grain flax toasts + margarine + roasted garlic hummus + pepper + kalamata olives + manzanilla olives http://t.co/KOYdlmrSDT,,,,https://twitter.com/mizhnev/status/469365680928616448/photo/1
469368864489230000,,,2014-05-22 06:47:12 +0000,"<a href=""http://twitter.com/download/iphone"" rel=""nofollow"">Twitter for iPhone</a>",2 squares caramel and sea salt dark chocolate that I accidentally dropped in olive juice http://t.co/gS4ZEh8zVg,,,,https://twitter.com/mizhnev/status/469368864489230336/photo/1
469567143181165000,,,2014-05-22 19:55:05 +0000,"<a href=""http://twitter.com/download/iphone"" rel=""nofollow"">Twitter for iPhone</a>",coffee + half&amp;half http://t.co/dPI2YtZvpX,,,,https://twitter.com/mizhnev/status/469567143181164545/photo/1
469573662169788000,,,2014-05-22 20:20:59 +0000,"<a href=""http://twitter.com/download/iphone"" rel=""nofollow"">Twitter for iPhone</a>",almonds http://t.co/TqGO1nR589,,,,https://twitter.com/mizhnev/status/469573662169788416/photo/1
469649088858690000,,,2014-05-22 23:20:43 +0000,"<a href=""http://twitter.com/download/iphone"" rel=""nofollow"">Twitter for iPhone</a>",maybe like 11 grape tomatoes,,,,
469649279053599000,,,2014-05-22 23:33:28 +0000,"<a href=""http://twitter.com/download/iphone"" rel=""nofollow"">Twitter for iPhone</a>",salad: spinach + mango + kiwi + carrot,,,,
469649787042550000,,,2014-05-23 00:05:29 +0000,"<a href=""http://twitter.com/download/iphone"" rel=""nofollow"">Twitter for iPhone</a>",beet + sweet potato + red onion + mango + fresh rosemary + canola oil + salt + pepper (fried in a pan),,,,
469649863651496000,,,2014-05-23 01:23:47 +0000,"<a href=""http://twitter.com/download/iphone"" rel=""nofollow"">Twitter for iPhone</a>",coffee,,,,
469650058594357000,,,2014-05-23 01:24:34 +0000,"<a href=""http://twitter.com/download/iphone"" rel=""nofollow"">Twitter for iPhone</a>",like 15 sugar snap peas,,,,
469653571877605000,,,2014-05-23 01:38:31 +0000,"<a href=""http://twitter.com/download/iphone"" rel=""nofollow"">Twitter for iPhone</a>",kiwi fruit (68 g) http://t.co/nOxOO5jp3v,,,,https://twitter.com/mizhnev/status/469653571877605376/photo/1
469655482336936000,,,2014-05-23 01:46:07 +0000,"<a href=""http://twitter.com/download/iphone"" rel=""nofollow"">Twitter for iPhone</a>",orange juice http://t.co/NKvokq9RMo,,,,https://twitter.com/mizhnev/status/469655482336935936/photo/1
469684924039979000,,,2014-05-23 03:43:06 +0000,"<a href=""http://twitter.com/download/iphone"" rel=""nofollow"">Twitter for iPhone</a>",2 sprouted-grain bread toasts + peanut butter + raspberry jam http://t.co/5MEmemELNd,,,,https://twitter.com/mizhnev/status/469684924039979010/photo/1
469719940472132000,,,2014-05-23 06:02:15 +0000,"<a href=""http://twitter.com/download/iphone"" rel=""nofollow"">Twitter for iPhone</a>",2 sprouted-flax toasts + margarine + roasted garlic hummus + pepper + many kalamata olives + only 1 manzanilla olive http://t.co/I2azdojLva,,,,https://twitter.com/mizhnev/status/469719940472131585/photo/1
469722439778193000,,,2014-05-23 06:12:11 +0000,"<a href=""http://twitter.com/download/iphone"" rel=""nofollow"">Twitter for iPhone</a>",unsweetened vanilla almond milk http://t.co/CPYZD8GtH2,,,,https://twitter.com/mizhnev/status/469722439778193408/photo/1
469877371672068000,,,2014-05-23 16:27:49 +0000,"<a href=""http://twitter.com/download/iphone"" rel=""nofollow"">Twitter for iPhone</a>",instant coffee + half&amp;half http://t.co/5HCZPmquY8,,,,https://twitter.com/mizhnev/status/469877371672068096/photo/1
469915549745414000,,,2014-05-23 17:59:32 +0000,"<a href=""http://twitter.com/download/iphone"" rel=""nofollow"">Twitter for iPhone</a>",green tea + bean sprout salad + tuna sashimi + some different maki + wasabi + soy sauce + pickled ginger,,,,
470027836141482000,,,2014-05-24 02:25:43 +0000,"<a href=""http://twitter.com/download/iphone"" rel=""nofollow"">Twitter for iPhone</a>",3 old maki http://t.co/pGxGFQhhjF,,,,https://twitter.com/mizhnev/status/470027836141481984/photo/1
470061620396163000,,,2014-05-24 04:39:58 +0000,"<a href=""http://twitter.com/download/iphone"" rel=""nofollow"">Twitter for iPhone</a>",instant coffee + half&amp;half http://t.co/bsZExSuQBd,,,,https://twitter.com/mizhnev/status/470061620396163072/photo/1
470062850514235000,,,2014-05-24 04:44:51 +0000,"<a href=""http://twitter.com/download/iphone"" rel=""nofollow"">Twitter for iPhone</a>",2 sprouted-grain bread toasts + peanut butter + raspberry jam http://t.co/tMynhFLGCc,,,,https://twitter.com/mizhnev/status/470062850514235393/photo/1
470073207894995000,,,2014-05-24 05:26:00 +0000,"<a href=""http://twitter.com/download/iphone"" rel=""nofollow"">Twitter for iPhone</a>",instant coffee + half&amp;half http://t.co/w3bjH2N3h0,,,,https://twitter.com/mizhnev/status/470073207894994944/photo/1
470114545759826000,,,2014-05-24 08:10:16 +0000,"<a href=""http://twitter.com/download/iphone"" rel=""nofollow"">Twitter for iPhone</a>",gala apple (152 g) http://t.co/PMzxhG3bZe,,,,https://twitter.com/mizhnev/status/470114545759825920/photo/1
470144693636850000,,,2014-05-24 10:10:04 +0000,"<a href=""http://twitter.com/download/iphone"" rel=""nofollow"">Twitter for iPhone</a>",2 sprouted-flax bread toasts + margarine + roasted garlic hummus + pepper http://t.co/WY8R0zWdxw,,,,https://twitter.com/mizhnev/status/470144693636849664/photo/1
470148424960995000,,,2014-05-24 10:24:54 +0000,"<a href=""http://twitter.com/download/iphone"" rel=""nofollow"">Twitter for iPhone</a>",kiwi fruit (57 g) http://t.co/24qieIepHw,,,,https://twitter.com/mizhnev/status/470148424960995330/photo/1
470288874913018000,,,2014-05-24 19:42:59 +0000,"<a href=""http://twitter.com/download/iphone"" rel=""nofollow"">Twitter for iPhone</a>",earl grey tea http://t.co/Dn2JE9FakI,,,,https://twitter.com/mizhnev/status/470288874913017856/photo/1
470289083156013000,,,2014-05-24 19:43:49 +0000,"<a href=""http://twitter.com/download/iphone"" rel=""nofollow"">Twitter for iPhone</a>",2 sprouted-flax bread toasts + peanut butter + raspberry jam http://t.co/9Hi8WXFgbH,,,,https://twitter.com/mizhnev/status/470289083156013058/photo/1
470294579300684000,,,2014-05-24 20:05:40 +0000,"<a href=""http://twitter.com/download/iphone"" rel=""nofollow"">Twitter for iPhone</a>",a mango (251 g) http://t.co/hMmxq0kdP9,,,,https://twitter.com/mizhnev/status/470294579300683776/photo/1
470339290530972000,,,2014-05-24 23:03:20 +0000,"<a href=""http://twitter.com/download/iphone"" rel=""nofollow"">Twitter for iPhone</a>",instant coffee + half&amp;half http://t.co/CDUjLPIHU0,,,,https://twitter.com/mizhnev/status/470339290530971648/photo/1
470349684767080000,,,2014-05-24 23:44:38 +0000,"<a href=""http://twitter.com/download/iphone"" rel=""nofollow"">Twitter for iPhone</a>",almondz http://t.co/d1Qgi9Snb3,,,,https://twitter.com/mizhnev/status/470349684767080448/photo/1
470391927754326000,,,2014-05-25 02:32:29 +0000,"<a href=""http://twitter.com/download/iphone"" rel=""nofollow"">Twitter for iPhone</a>","$12 red wine (147 mL, cabernet sauvignon, chile) http://t.co/ZcdiSurKU5",,,,https://twitter.com/mizhnev/status/470391927754326016/photo/1
470405133147603000,,,2014-05-25 03:24:58 +0000,"<a href=""http://twitter.com/download/iphone"" rel=""nofollow"">Twitter for iPhone</a>",garlic + canola oil + red onion + rosemary + basil + oregano + balsamic + tomato + mushrooms + spinach + red wine + salt + pepper http://t.co/eMmawmNbT0,,,,https://twitter.com/mizhnev/status/470405133147602944/photo/1
470405287761814000,,,2014-05-25 03:25:34 +0000,"<a href=""http://twitter.com/download/iphone"" rel=""nofollow"">Twitter for iPhone</a>",2 [non-sprouted] flax bread toasts + margarine + kalamata olives + red pepper flakes http://t.co/QNcx46RKtw,,,,https://twitter.com/mizhnev/status/470405287761813504/photo/1
470409996732072000,,,2014-05-25 03:44:17 +0000,"<a href=""http://twitter.com/download/iphone"" rel=""nofollow"">Twitter for iPhone</a>",red wine (159 mL) http://t.co/GLg9xKP9iU,,,,https://twitter.com/mizhnev/status/470409996732071936/photo/1
470435697673794000,,,2014-05-25 05:26:25 +0000,"<a href=""http://twitter.com/download/iphone"" rel=""nofollow"">Twitter for iPhone</a>",red wine (144 mL) http://t.co/TDFi4CBg7F,,,,https://twitter.com/mizhnev/status/470435697673793536/photo/1
470438187370701000,,,2014-05-25 05:36:18 +0000,"<a href=""http://twitter.com/download/iphone"" rel=""nofollow"">Twitter for iPhone</a>",date bars (121 g): dates + almonds + cashews + sunflower seeds + hemp hearts + chia + buckwheat + coconut oil http://t.co/6iFtTd7Wvw,,,,https://twitter.com/mizhnev/status/470438187370700800/photo/1
470453896360387000,,,2014-05-25 06:38:44 +0000,"<a href=""http://twitter.com/download/iphone"" rel=""nofollow"">Twitter for iPhone</a>",like around ~30 g more of the date bars,,,,
470465638259900000,,,2014-05-25 07:25:23 +0000,"<a href=""http://twitter.com/download/iphone"" rel=""nofollow"">Twitter for iPhone</a>",2 sprouted-flax bread toasts + margarine + 2 campari tomatoes + salt + pepper http://t.co/GPkS5FSCz3,,,,https://twitter.com/mizhnev/status/470465638259900416/photo/1
470654470930448000,,,2014-05-25 19:55:44 +0000,"<a href=""http://twitter.com/download/iphone"" rel=""nofollow"">Twitter for iPhone</a>",2% vanilla greek yogurt (172 g) + chia/hemp/buckwheat seed blend (37 g) http://t.co/2UYRXOxUhB,,,,https://twitter.com/mizhnev/status/470654470930448384/photo/1
470656271515808000,,,2014-05-25 20:02:54 +0000,"<a href=""http://twitter.com/download/iphone"" rel=""nofollow"">Twitter for iPhone</a>",coffee http://t.co/OYfFJ6SM1g,,,,https://twitter.com/mizhnev/status/470656271515807745/photo/1
470664008706445000,,,2014-05-25 20:33:38 +0000,"<a href=""http://twitter.com/download/iphone"" rel=""nofollow"">Twitter for iPhone</a>",coffee 2 http://t.co/B6sosvXXdZ,,,,https://twitter.com/mizhnev/status/470664008706445312/photo/1
470677618878972000,,,2014-05-25 21:27:43 +0000,"<a href=""http://twitter.com/download/iphone"" rel=""nofollow"">Twitter for iPhone</a>",coffee 3 http://t.co/wH7yJbviCS,,,,https://twitter.com/mizhnev/status/470677618878971904/photo/1
470693580005048000,,,2014-05-25 22:31:09 +0000,"<a href=""http://twitter.com/download/iphone"" rel=""nofollow"">Twitter for iPhone</a>",2 frozen date squares http://t.co/vNhqf21ySS,,,,https://twitter.com/mizhnev/status/470693580005048320/photo/1
470724160105091000,,,2014-05-26 00:32:40 +0000,"<a href=""http://twitter.com/download/iphone"" rel=""nofollow"">Twitter for iPhone</a>",a gala apple (164 g) http://t.co/6RYisI6cYA,,,,https://twitter.com/mizhnev/status/470724160105091072/photo/1
470739255719760000,,,2014-05-26 01:32:39 +0000,"<a href=""http://twitter.com/download/iphone"" rel=""nofollow"">Twitter for iPhone</a>",grilled cheese (2 flax breads + margarine + old cheddar) + 2 campari tomatoes + salt + pepper http://t.co/kMLxkGXboo,,,,https://twitter.com/mizhnev/status/470739255719759872/photo/1
470739483629875000,,,2014-05-26 01:33:33 +0000,"<a href=""http://twitter.com/download/iphone"" rel=""nofollow"">Twitter for iPhone</a>",earl grey tea http://t.co/GjHaP4W3yp,,,,https://twitter.com/mizhnev/status/470739483629875202/photo/1
470746171099464000,,,2014-05-26 02:00:07 +0000,"<a href=""http://twitter.com/download/iphone"" rel=""nofollow"">Twitter for iPhone</a>",red wine (121 mL) http://t.co/z8eFmD1Edh,,,,https://twitter.com/mizhnev/status/470746171099463682/photo/1
470773776779465000,,,2014-05-26 03:49:49 +0000,"<a href=""http://twitter.com/download/iphone"" rel=""nofollow"">Twitter for iPhone</a>",red wine (154 mL) http://t.co/iY4d4TUNwD,,,,https://twitter.com/mizhnev/status/470773776779464705/photo/1
470834660935606000,,,2014-05-26 07:51:45 +0000,"<a href=""http://twitter.com/download/iphone"" rel=""nofollow"">Twitter for iPhone</a>",baby carrots (steamed in microwave w/ rosemary sprig) + margarine + pepper http://t.co/N92LvKlgrO,,,,https://twitter.com/mizhnev/status/470834660935606272/photo/1
470838775132586000,,,2014-05-26 08:08:06 +0000,"<a href=""http://twitter.com/download/iphone"" rel=""nofollow"">Twitter for iPhone</a>",date bars (75 g) http://t.co/4XzGX9yDOg,,,,https://twitter.com/mizhnev/status/470838775132585984/photo/1
470903134122824000,,,2014-05-26 12:23:50 +0000,"<a href=""http://twitter.com/download/iphone"" rel=""nofollow"">Twitter for iPhone</a>",1 flax-themed bread toast + peanut butter + raspberry jam http://t.co/aREbij2rzs,,,,https://twitter.com/mizhnev/status/470903134122823680/photo/1
471037575528862000,,,2014-05-26 21:18:04 +0000,"<a href=""http://twitter.com/download/iphone"" rel=""nofollow"">Twitter for iPhone</a>",2% vanilla greek yogurt (183 g) + chia/hemp/buckwheat seed blend (34 g) http://t.co/5mWC40H3Vq,,,,https://twitter.com/mizhnev/status/471037575528861696/photo/1
471039537963999000,,,2014-05-26 21:25:52 +0000,"<a href=""http://twitter.com/download/iphone"" rel=""nofollow"">Twitter for iPhone</a>",coffee http://t.co/7wGMK4oOAP,,,,https://twitter.com/mizhnev/status/471039537963999232/photo/1
471044264114127000,,,2014-05-26 21:44:38 +0000,"<a href=""http://twitter.com/download/iphone"" rel=""nofollow"">Twitter for iPhone</a>",coffee http://t.co/delhE58crC,,,,https://twitter.com/mizhnev/status/471044264114126848/photo/1
471119818255380000,,,2014-05-26 23:44:52 +0000,"<a href=""http://twitter.com/download/iphone"" rel=""nofollow"">Twitter for iPhone</a>",earl grey tea,,,,
471119588332016000,,,2014-05-27 02:43:57 +0000,"<a href=""http://twitter.com/download/iphone"" rel=""nofollow"">Twitter for iPhone</a>",mangled grilled cheese (2 flax breads + margarine + old cheddar) + 2 campari tomatoes + salt + pepper http://t.co/OniJjq69DY,,,,https://twitter.com/mizhnev/status/471119588332015617/photo/1
471125006554902000,,,2014-05-27 03:05:29 +0000,"<a href=""http://twitter.com/download/iphone"" rel=""nofollow"">Twitter for iPhone</a>",date squares (110 g) http://t.co/5O5uOZpA8h,,,,https://twitter.com/mizhnev/status/471125006554902529/photo/1
471230170498494000,,,2014-05-27 10:03:22 +0000,"<a href=""http://twitter.com/download/iphone"" rel=""nofollow"">Twitter for iPhone</a>",2 flax-themed bread toasts + peanut butter + raspberry jam http://t.co/DoChmSHMv4,,,,https://twitter.com/mizhnev/status/471230170498494464/photo/1
471413056187007000,,,2014-05-27 17:40:05 +0000,"<a href=""http://twitter.com/download/iphone"" rel=""nofollow"">Twitter for iPhone</a>","the same thing I always eat at that one place, coffee coffee coffee",,,,
471446430771446000,,,2014-05-28 00:22:42 +0000,"<a href=""http://twitter.com/download/iphone"" rel=""nofollow"">Twitter for iPhone</a>",yogurt + seeds http://t.co/zcwXa9xZ2I,,,,https://twitter.com/mizhnev/status/471446430771445761/photo/1
471446757620990000,,,2014-05-28 00:24:00 +0000,"<a href=""http://twitter.com/download/iphone"" rel=""nofollow"">Twitter for iPhone</a>",banana http://t.co/vcqWmhKEL3,,,,https://twitter.com/mizhnev/status/471446757620989953/photo/1
471450630288970000,,,2014-05-28 00:39:24 +0000,"<a href=""http://twitter.com/download/iphone"" rel=""nofollow"">Twitter for iPhone</a>",coffee http://t.co/fQ2JBniZwb,,,,https://twitter.com/mizhnev/status/471450630288969728/photo/1
471492517976740000,,,2014-05-28 03:25:50 +0000,"<a href=""http://twitter.com/download/iphone"" rel=""nofollow"">Twitter for iPhone</a>",orange juice http://t.co/gijqV4FFiM,,,,https://twitter.com/mizhnev/status/471492517976739840/photo/1
471497929794937000,,,2014-05-28 03:47:21 +0000,"<a href=""http://twitter.com/download/iphone"" rel=""nofollow"">Twitter for iPhone</a>",baby carrots (steamed in microwave with rosemary sprig) + margarine + pepper http://t.co/rnpmlWtKIK,,,,https://twitter.com/mizhnev/status/471497929794936833/photo/1
471528970555380000,,,2014-05-28 05:50:41 +0000,"<a href=""http://twitter.com/download/iphone"" rel=""nofollow"">Twitter for iPhone</a>",date squares (dates + almonds + cashews + sunflower seeds + chia + hemp seeds + buckwheat + coconut oil) http://t.co/buKOUpUB52,,,,https://twitter.com/mizhnev/status/471528970555379713/photo/1
471553553912185000,,,2014-05-28 07:28:22 +0000,"<a href=""http://twitter.com/download/iphone"" rel=""nofollow"">Twitter for iPhone</a>",2 flax-themed bread toasts + margarine + 2 campari tomatoes + salt + pepper http://t.co/NX2c2STQNW,,,,https://twitter.com/mizhnev/status/471553553912184832/photo/1
471727793110143000,,,2014-05-28 19:00:44 +0000,"<a href=""http://twitter.com/download/iphone"" rel=""nofollow"">Twitter for iPhone</a>",2% vanilla greek yogurt + superfoodseeds http://t.co/mN41wkTjbE,,,,https://twitter.com/mizhnev/status/471727793110142976/photo/1
471728262578590000,,,2014-05-28 19:02:36 +0000,"<a href=""http://twitter.com/download/iphone"" rel=""nofollow"">Twitter for iPhone</a>",a banana http://t.co/U00QCr7514,,,,https://twitter.com/mizhnev/status/471728262578589696/photo/1
471728919859573000,,,2014-05-28 19:05:13 +0000,"<a href=""http://twitter.com/download/iphone"" rel=""nofollow"">Twitter for iPhone</a>",coffee 1 http://t.co/g2Bnyn23md,,,,https://twitter.com/mizhnev/status/471728919859572736/photo/1
471737539112342000,,,2014-05-28 19:39:28 +0000,"<a href=""http://twitter.com/download/iphone"" rel=""nofollow"">Twitter for iPhone</a>",coffee 2 http://t.co/dqg7c2l7Hh,,,,https://twitter.com/mizhnev/status/471737539112341504/photo/1
471743530281353000,,,2014-05-28 20:03:16 +0000,"<a href=""http://twitter.com/download/iphone"" rel=""nofollow"">Twitter for iPhone</a>",coffee 3 http://t.co/4tK0tjE30P,,,,https://twitter.com/mizhnev/status/471743530281353217/photo/1
471917738319806000,,,2014-05-29 07:35:31 +0000,"<a href=""http://twitter.com/download/iphone"" rel=""nofollow"">Twitter for iPhone</a>","lentil carrot soup, spinach, blueberries, tomatoes, almonds, seeds, lemon, coffee, tea, bread, hummus, olives, margarine, date squares, etc.",,,,
471917900651962000,,,2014-05-29 07:36:09 +0000,"<a href=""http://twitter.com/download/iphone"" rel=""nofollow"">Twitter for iPhone</a>",oh..... and cilantro,,,,
471963486533075000,,,2014-05-29 10:37:18 +0000,"<a href=""http://twitter.com/download/iphone"" rel=""nofollow"">Twitter for iPhone</a>",a flax-themed bread toast + peanut butter + raspberry jam http://t.co/fkWoLXqvJp,,,,https://twitter.com/mizhnev/status/471963486533074945/photo/1
472169519230640000,,,2014-05-30 00:16:00 +0000,"<a href=""http://twitter.com/download/iphone"" rel=""nofollow"">Twitter for iPhone</a>",2 fibre-themed bread toasts + peanut butter + raspberry jam http://t.co/WET8Yt0hYC,,,,https://twitter.com/mizhnev/status/472169519230640128/photo/1
472169712348955000,,,2014-05-30 00:16:46 +0000,"<a href=""http://twitter.com/download/iphone"" rel=""nofollow"">Twitter for iPhone</a>",coffee 1 http://t.co/nJeh6uGNA9,,,,https://twitter.com/mizhnev/status/472169712348954625/photo/1
472184061247496000,,,2014-05-30 01:13:47 +0000,"<a href=""http://twitter.com/download/iphone"" rel=""nofollow"">Twitter for iPhone</a>",coffee 2 http://t.co/qfq13dYJdq,,,,https://twitter.com/mizhnev/status/472184061247496193/photo/1
472209699270447000,,,2014-05-30 02:55:40 +0000,"<a href=""http://twitter.com/download/iphone"" rel=""nofollow"">Twitter for iPhone</a>",coffee 3 http://t.co/3ZzWIVAufm,,,,https://twitter.com/mizhnev/status/472209699270447105/photo/1
472227061814157000,,,2014-05-30 04:04:39 +0000,"<a href=""http://twitter.com/download/iphone"" rel=""nofollow"">Twitter for iPhone</a>",2% vanilla greek yogurt + chia/hemp/buckwheat seed blend + almonds http://t.co/tNjIRbVjZp,,,,https://twitter.com/mizhnev/status/472227061814157312/photo/1
472234902067241000,,,2014-05-30 04:35:49 +0000,"<a href=""http://twitter.com/download/iphone"" rel=""nofollow"">Twitter for iPhone</a>",a banana http://t.co/PNSKmx6pZa,,,,https://twitter.com/mizhnev/status/472234902067240960/photo/1
472252399663342000,,,2014-05-30 05:45:20 +0000,"<a href=""http://twitter.com/download/iphone"" rel=""nofollow"">Twitter for iPhone</a>",date squares http://t.co/SW7yV9TuiC,,,,https://twitter.com/mizhnev/status/472252399663341568/photo/1
472303462764409000,,,2014-05-30 09:08:15 +0000,"<a href=""http://twitter.com/download/iphone"" rel=""nofollow"">Twitter for iPhone</a>",grilled cheese sandwich: 2 fibre-themed bread toasts + margarine + old cheddar http://t.co/85ca47VAKA,,,,https://twitter.com/mizhnev/status/472303462764408832/photo/1
472308161093726000,,,2014-05-30 09:26:55 +0000,"<a href=""http://twitter.com/download/iphone"" rel=""nofollow"">Twitter for iPhone</a>",2 campari tomatoes http://t.co/V3ku885yyR,,,,https://twitter.com/mizhnev/status/472308161093726208/photo/1
472493274960110000,,,2014-05-30 21:42:29 +0000,"<a href=""http://twitter.com/download/iphone"" rel=""nofollow"">Twitter for iPhone</a>",coffee http://t.co/AamYg6ySuI,,,,https://twitter.com/mizhnev/status/472493274960109568/photo/1
472498100490097000,,,2014-05-30 22:01:40 +0000,"<a href=""http://twitter.com/download/iphone"" rel=""nofollow"">Twitter for iPhone</a>",coffee http://t.co/XEDwzwUEcM,,,,https://twitter.com/mizhnev/status/472498100490096640/photo/1
472507051814298000,,,2014-05-30 22:37:14 +0000,"<a href=""http://twitter.com/download/iphone"" rel=""nofollow"">Twitter for iPhone</a>",black beans + lentils + carrots + onion + garlic + tomato paste + spices + vegetable stock + cilantro + avocado http://t.co/gaVWNvSDkc,,,,https://twitter.com/mizhnev/status/472507051814297600/photo/1
472645124711658000,,,2014-05-31 07:45:53 +0000,"<a href=""http://twitter.com/download/iphone"" rel=""nofollow"">Twitter for iPhone</a>","orange juice, date squares, a mint",,,,
472645169037066000,,,2014-05-31 07:46:04 +0000,"<a href=""http://twitter.com/download/iphone"" rel=""nofollow"">Twitter for iPhone</a>",a falafel wrap,,,,
472669233852060000,,,2014-05-31 09:21:41 +0000,"<a href=""http://twitter.com/download/iphone"" rel=""nofollow"">Twitter for iPhone</a>",date squares http://t.co/7mmupQYVuP,,,,https://twitter.com/mizhnev/status/472669233852059648/photo/1
472678542333841000,,,2014-05-31 09:58:41 +0000,"<a href=""http://twitter.com/download/iphone"" rel=""nofollow"">Twitter for iPhone</a>",2 fibre-themed bread toasts + margarine + avocado + salt + pepper + cilantro + tomato + salt + pepper http://t.co/jOFSkEbmGu,,,,https://twitter.com/mizhnev/status/472678542333841409/photo/1
472891206393791000,,,2014-06-01 00:03:44 +0000,"<a href=""http://twitter.com/download/iphone"" rel=""nofollow"">Twitter for iPhone</a>",yogurt + seeds + almonds http://t.co/XgO0Ah1gEQ,,,,https://twitter.com/mizhnev/status/472891206393790464/photo/1
472905701056995000,,,2014-06-01 01:01:19 +0000,"<a href=""http://twitter.com/download/iphone"" rel=""nofollow"">Twitter for iPhone</a>",2 flax-themed bread toasts + peanut butter + raspberry jam http://t.co/a2zWeTTo9z,,,,https://twitter.com/mizhnev/status/472905701056995329/photo/1
472906513732760000,,,2014-06-01 01:04:33 +0000,"<a href=""http://twitter.com/download/iphone"" rel=""nofollow"">Twitter for iPhone</a>",coffee 1 http://t.co/2iBlRG0xf8,,,,https://twitter.com/mizhnev/status/472906513732759553/photo/1
472913195040907000,,,2014-06-01 01:31:06 +0000,"<a href=""http://twitter.com/download/iphone"" rel=""nofollow"">Twitter for iPhone</a>",coffee 2 http://t.co/ltwpQQefDT,,,,https://twitter.com/mizhnev/status/472913195040907264/photo/1
472927273297777000,,,2014-06-01 02:27:03 +0000,"<a href=""http://twitter.com/download/iphone"" rel=""nofollow"">Twitter for iPhone</a>",coffee 3 http://t.co/oI4R5V1HdQ,,,,https://twitter.com/mizhnev/status/472927273297776640/photo/1
472966294380093000,,,2014-06-01 05:02:06 +0000,"<a href=""http://twitter.com/download/iphone"" rel=""nofollow"">Twitter for iPhone</a>",date squares http://t.co/XnHF4ZUPmQ,,,,https://twitter.com/mizhnev/status/472966294380093442/photo/1
472969490490073000,,,2014-06-01 05:14:48 +0000,"<a href=""http://twitter.com/download/iphone"" rel=""nofollow"">Twitter for iPhone</a>",2 campari tomatoes http://t.co/qbpUP8stYY,,,,https://twitter.com/mizhnev/status/472969490490073088/photo/1
473029024743043000,,,2014-06-01 09:11:22 +0000,"<a href=""http://twitter.com/download/iphone"" rel=""nofollow"">Twitter for iPhone</a>","grilled cheese sandwich: fibre-themed bread, old cheddar http://t.co/OPeIjxV9Lv",,,,https://twitter.com/mizhnev/status/473029024743043072/photo/1
473033246779798000,,,2014-06-01 09:28:09 +0000,"<a href=""http://twitter.com/download/iphone"" rel=""nofollow"">Twitter for iPhone</a>",date squares http://t.co/uoWzLGa41g,,,,https://twitter.com/mizhnev/status/473033246779797504/photo/1
473040876906619000,,,2014-06-01 09:58:28 +0000,"<a href=""http://twitter.com/download/iphone"" rel=""nofollow"">Twitter for iPhone</a>",tomato cilantro cheddar http://t.co/ZFRXlKtrxY,,,,https://twitter.com/mizhnev/status/473040876906618880/photo/1
473254948608545000,,,2014-06-02 00:09:07 +0000,"<a href=""http://twitter.com/download/iphone"" rel=""nofollow"">Twitter for iPhone</a>",2 fibre-themed bread toasts + peanut butter + raspberry jam http://t.co/wGJR92uFZU,,,,https://twitter.com/mizhnev/status/473254948608544768/photo/1
473255132021289000,,,2014-06-02 00:09:50 +0000,"<a href=""http://twitter.com/download/iphone"" rel=""nofollow"">Twitter for iPhone</a>",coffee 1 http://t.co/zLcLIfQTSp,,,,https://twitter.com/mizhnev/status/473255132021288960/photo/1
473261632290693000,,,2014-06-02 00:35:40 +0000,"<a href=""http://twitter.com/download/iphone"" rel=""nofollow"">Twitter for iPhone</a>",a pink lady apple (153 g) http://t.co/tRqFRZxRfs,,,,https://twitter.com/mizhnev/status/473261632290693120/photo/1
473270047608017000,,,2014-06-02 01:09:06 +0000,"<a href=""http://twitter.com/download/iphone"" rel=""nofollow"">Twitter for iPhone</a>",2 kiwi fruit (126 g) http://t.co/C2sCr18CW7,,,,https://twitter.com/mizhnev/status/473270047608016897/photo/1
473277286905422000,,,2014-06-02 01:37:52 +0000,"<a href=""http://twitter.com/download/iphone"" rel=""nofollow"">Twitter for iPhone</a>",coffee 2 http://t.co/Yus8ktKZV9,,,,https://twitter.com/mizhnev/status/473277286905421825/photo/1
473311706819486000,,,2014-06-02 03:54:39 +0000,"<a href=""http://twitter.com/download/iphone"" rel=""nofollow"">Twitter for iPhone</a>",coffee 3 http://t.co/BBHz8ZeYKr,,,,https://twitter.com/mizhnev/status/473311706819485696/photo/1
473327948632576000,,,2014-06-02 04:59:11 +0000,"<a href=""http://twitter.com/download/iphone"" rel=""nofollow"">Twitter for iPhone</a>",curried eggplant (onion + garlic + ginger + tomato + canola oil + spices) http://t.co/XHUf71ebRl,,,,https://twitter.com/mizhnev/status/473327948632576000/photo/1
473328538389475000,,,2014-06-02 05:01:32 +0000,"<a href=""http://twitter.com/download/iphone"" rel=""nofollow"">Twitter for iPhone</a>",2 sprouted-grain bread toasts + margarine http://t.co/mZIW4H4kWv,,,,https://twitter.com/mizhnev/status/473328538389475328/photo/1
473569300926566000,,,2014-06-02 18:28:14 +0000,"<a href=""http://twitter.com/download/iphone"" rel=""nofollow"">Twitter for iPhone</a>",coffee + cream http://t.co/077osVIJao,,,,https://twitter.com/mizhnev/status/473569300926566400/photo/1
473569960053076000,,,2014-06-02 19:30:51 +0000,"<a href=""http://twitter.com/download/iphone"" rel=""nofollow"">Twitter for iPhone</a>","bread + 2 cheeses + tofu + soy bacon + tomato + green onion + lettuce + spinach + cabbage + carrot, etc. http://t.co/Ju6zOKqLn1",,,,https://twitter.com/mizhnev/status/473569960053075969/photo/1
473650057640571000,,,2014-06-03 02:19:08 +0000,"<a href=""http://twitter.com/download/iphone"" rel=""nofollow"">Twitter for iPhone</a>",leftover curried eggplant + cilantro + 2% vanilla greek yogurt http://t.co/BFMXecqGJ1,,,,https://twitter.com/mizhnev/status/473650057640570882/photo/1
473658536040202000,,,2014-06-03 02:52:49 +0000,"<a href=""http://twitter.com/download/iphone"" rel=""nofollow"">Twitter for iPhone</a>",a pink lady apple + a common kiwifruit http://t.co/3SDVt131u6,,,,https://twitter.com/mizhnev/status/473658536040202240/photo/1
473688001592046000,,,2014-06-03 04:49:54 +0000,"<a href=""http://twitter.com/download/iphone"" rel=""nofollow"">Twitter for iPhone</a>",1 sprouted-grain bread toast + margarine + 1 campari tomato + salt + pepper http://t.co/HLcwL7kCNH,,,,https://twitter.com/mizhnev/status/473688001592045568/photo/1
473708900642853000,,,2014-06-03 06:12:57 +0000,"<a href=""http://twitter.com/download/iphone"" rel=""nofollow"">Twitter for iPhone</a>","almonds (soaked for an hour, then peeled) + 2% vanilla greek yogurt http://t.co/6AdAk5g8gC",,,,https://twitter.com/mizhnev/status/473708900642852864/photo/1
473766389426033000,,,2014-06-03 10:01:24 +0000,"<a href=""http://twitter.com/download/iphone"" rel=""nofollow"">Twitter for iPhone</a>",2 sprouted-grain bread toasts + peanut butter + raspberry jam http://t.co/Mrpd9mkWGp,,,,https://twitter.com/mizhnev/status/473766389426032640/photo/1
473957289712296000,,,2014-06-03 22:39:58 +0000,"<a href=""http://twitter.com/download/iphone"" rel=""nofollow"">Twitter for iPhone</a>",coffee and toast with avocado and black pepper http://t.co/x09ce2Mbjq,,,,https://twitter.com/mizhnev/status/473957289712295939/photo/1
473964573280596000,,,2014-06-03 23:08:54 +0000,"<a href=""http://twitter.com/download/iphone"" rel=""nofollow"">Twitter for iPhone</a>",coffee 2 http://t.co/SA5tO3Ikl6,,,,https://twitter.com/mizhnev/status/473964573280595968/photo/1
474038271052231000,,,2014-06-04 04:01:45 +0000,"<a href=""http://twitter.com/download/iphone"" rel=""nofollow"">Twitter for iPhone</a>",canola oil + onion + garlic + ginger + carrot + spices + tomato + lentils + water  + kale http://t.co/0rRBv1ggyE,,,,https://twitter.com/mizhnev/status/474038271052230656/photo/1
474041961670664000,,,2014-06-04 04:16:25 +0000,"<a href=""http://twitter.com/download/iphone"" rel=""nofollow"">Twitter for iPhone</a>",a pink lady apple http://t.co/kPQYCTbQoC,,,,https://twitter.com/mizhnev/status/474041961670664193/photo/1
474088541496951000,,,2014-06-04 07:21:31 +0000,"<a href=""http://twitter.com/download/iphone"" rel=""nofollow"">Twitter for iPhone</a>",grilled cheese sandwich (2 sprouted-grain bread toasts + margarine + old cheddar) + 2 campari tomatoes + s + p http://t.co/8mtUioe6E5,,,,https://twitter.com/mizhnev/status/474088541496950784/photo/1
474103005784982000,,,2014-06-04 08:18:59 +0000,"<a href=""http://twitter.com/download/iphone"" rel=""nofollow"">Twitter for iPhone</a>",2% vanilla greek yogurt http://t.co/IT7kFHQUSl,,,,https://twitter.com/mizhnev/status/474103005784981504/photo/1
474202621494850000,,,2014-06-04 14:54:49 +0000,"<a href=""http://twitter.com/download/iphone"" rel=""nofollow"">Twitter for iPhone</a>",coffee 1 http://t.co/MycaX1T6J6,,,,https://twitter.com/mizhnev/status/474202621494849538/photo/1
474202787698311000,,,2014-06-04 14:55:29 +0000,"<a href=""http://twitter.com/download/iphone"" rel=""nofollow"">Twitter for iPhone</a>",2 sprouted-grain bread toasts + peanut butter + raspberry jam http://t.co/gHqkYgBZMK,,,,https://twitter.com/mizhnev/status/474202787698311169/photo/1
474207528356573000,,,2014-06-04 15:14:19 +0000,"<a href=""http://twitter.com/download/iphone"" rel=""nofollow"">Twitter for iPhone</a>",coffee 2 http://t.co/31RSaTohR9,,,,https://twitter.com/mizhnev/status/474207528356573185/photo/1
474210451232784000,,,2014-06-04 15:25:56 +0000,"<a href=""http://twitter.com/download/iphone"" rel=""nofollow"">Twitter for iPhone</a>",coffee 3 http://t.co/h4WNet4meu,,,,https://twitter.com/mizhnev/status/474210451232784384/photo/1
474217546522980000,,,2014-06-04 15:54:08 +0000,"<a href=""http://twitter.com/download/iphone"" rel=""nofollow"">Twitter for iPhone</a>",a pink lady apple http://t.co/VdO1oubrez,,,,https://twitter.com/mizhnev/status/474217546522980353/photo/1
474278372948714000,,,2014-06-04 19:55:50 +0000,"<a href=""http://twitter.com/download/iphone"" rel=""nofollow"">Twitter for iPhone</a>",2 sprouted-grain bread toasts + margarine + 1 common avocado + salt + pepper http://t.co/RqAFZzbWjz,,,,https://twitter.com/mizhnev/status/474278372948713472/photo/1
474340910910558000,,,2014-06-05 00:04:20 +0000,"<a href=""http://twitter.com/download/iphone"" rel=""nofollow"">Twitter for iPhone</a>",chickpeas + paprika + kale + tomato + avocado + red onion + jalapeo + lime + lemon + cilantro + chips + oil + salt http://t.co/eRbWBKl0wa,,,,https://twitter.com/mizhnev/status/474340910910558208/photo/1
474341569256895000,,,2014-06-05 00:06:57 +0000,"<a href=""http://twitter.com/download/iphone"" rel=""nofollow"">Twitter for iPhone</a>",coffee http://t.co/2Y0KU4cL1O,,,,https://twitter.com/mizhnev/status/474341569256894464/photo/1
474341984350372000,,,2014-06-05 00:08:36 +0000,"<a href=""http://twitter.com/download/iphone"" rel=""nofollow"">Twitter for iPhone</a>",watermelon + mint leaves + lime http://t.co/tlM7nvpBVT,,,,https://twitter.com/mizhnev/status/474341984350371843/photo/1
474461160540881000,,,2014-06-05 08:02:10 +0000,"<a href=""http://twitter.com/download/iphone"" rel=""nofollow"">Twitter for iPhone</a>",almond/coconut milk + black chia seeds + strawberries + honey http://t.co/D6imcjnFM7,,,,https://twitter.com/mizhnev/status/474461160540880896/photo/1
474467620721152000,,,2014-06-05 08:27:50 +0000,"<a href=""http://twitter.com/download/iphone"" rel=""nofollow"">Twitter for iPhone</a>",2 sprouted-grain bread toasts + margarine + 1 campari tomato + salt + pepper + caramelized onion hummus http://t.co/Ai7OvAfKtT,,,,https://twitter.com/mizhnev/status/474467620721152000/photo/1
474739758808056000,,,2014-06-06 02:29:13 +0000,"<a href=""http://twitter.com/download/iphone"" rel=""nofollow"">Twitter for iPhone</a>",coffee + half&amp;half http://t.co/nvqApCsCPs,,,,https://twitter.com/mizhnev/status/474739758808055808/photo/1
474740266021040000,,,2014-06-06 02:31:14 +0000,"<a href=""http://twitter.com/download/iphone"" rel=""nofollow"">Twitter for iPhone</a>",2 toasts + margarine + 1 red cocktail tomato + 1 orange cocktail tomato + 1 yellow cocktail tomato + salt + pepper http://t.co/WXzSeE28Dc,,,,https://twitter.com/mizhnev/status/474740266021040128/photo/1
474752419742482000,,,2014-06-06 03:19:32 +0000,"<a href=""http://twitter.com/download/iphone"" rel=""nofollow"">Twitter for iPhone</a>",coffee http://t.co/mDkSbJCqy7,,,,https://twitter.com/mizhnev/status/474752419742482432/photo/1
474752577599312000,,,2014-06-06 03:20:09 +0000,"<a href=""http://twitter.com/download/iphone"" rel=""nofollow"">Twitter for iPhone</a>",watermelon http://t.co/x7GFlTBwQI,,,,https://twitter.com/mizhnev/status/474752577599311872/photo/1
474765060053537000,,,2014-06-06 04:09:45 +0000,"<a href=""http://twitter.com/download/iphone"" rel=""nofollow"">Twitter for iPhone</a>",coffee + half&amp;half http://t.co/qY20KlZcty,,,,https://twitter.com/mizhnev/status/474765060053536768/photo/1
474779711160066000,,,2014-06-06 05:07:58 +0000,"<a href=""http://twitter.com/download/iphone"" rel=""nofollow"">Twitter for iPhone</a>",2% vanilla greek yogurt + hemp hearts + buckwheat groats + black chia seeds http://t.co/3NK73KfuzK,,,,https://twitter.com/mizhnev/status/474779711160066048/photo/1
474831804281528000,,,2014-06-06 08:34:58 +0000,"<a href=""http://twitter.com/download/iphone"" rel=""nofollow"">Twitter for iPhone</a>",corn chips + old cheddar + tomato + avocado + lime juice + red onion + jalapeo + cilantro + salt http://t.co/4coB6PgNuo,,,,https://twitter.com/mizhnev/status/474831804281528321/photo/1
474872941281161000,,,2014-06-06 11:18:26 +0000,"<a href=""http://twitter.com/download/iphone"" rel=""nofollow"">Twitter for iPhone</a>",coconut drinking milk + half&amp;half + chia seeds + honey + no-sugar-added raspberry jam + hemp hearts + salt http://t.co/tsv2vMhbPI,,,,https://twitter.com/mizhnev/status/474872941281161216/photo/1
475028652082491000,,,2014-06-06 21:37:10 +0000,"<a href=""http://twitter.com/download/iphone"" rel=""nofollow"">Twitter for iPhone</a>",coffee + half&amp;half http://t.co/dLIMo3x1I2,,,,https://twitter.com/mizhnev/status/475028652082491392/photo/1
475029925271859000,,,2014-06-06 21:42:14 +0000,"<a href=""http://twitter.com/download/iphone"" rel=""nofollow"">Twitter for iPhone</a>",2 sprouted-grain flax-themed bread toasts + no-additive peanut butter + no-sugar-added raspberry jam http://t.co/k2rufuuC1m,,,,https://twitter.com/mizhnev/status/475029925271859201/photo/1
475035247692624000,,,2014-06-06 22:03:23 +0000,"<a href=""http://twitter.com/download/iphone"" rel=""nofollow"">Twitter for iPhone</a>",coffee http://t.co/2krgbFacmu,,,,https://twitter.com/mizhnev/status/475035247692623872/photo/1
475153088039236000,,,2014-06-06 23:51:38 +0000,"<a href=""http://twitter.com/download/iphone"" rel=""nofollow"">Twitter for iPhone</a>","cookies, beer, beer, beer, radishes, green bell pepper, olives, mcdonalds fries, mcdonalds coffee http://t.co/fMl1rGRgJf",,,,https://twitter.com/mizhnev/status/475153088039235585/photo/1
475155933425701000,,,2014-06-07 06:02:57 +0000,"<a href=""http://twitter.com/download/iphone"" rel=""nofollow"">Twitter for iPhone</a>",seaweed http://t.co/wvLTNzZ130,,,,https://twitter.com/mizhnev/status/475155933425700865/photo/1
475164508734771000,,,2014-06-07 06:37:01 +0000,"<a href=""http://twitter.com/download/iphone"" rel=""nofollow"">Twitter for iPhone</a>",an apple http://t.co/UByf2lMt2H,,,,https://twitter.com/mizhnev/status/475164508734771200/photo/1
475180775394910000,,,2014-06-07 07:41:39 +0000,"<a href=""http://twitter.com/download/iphone"" rel=""nofollow"">Twitter for iPhone</a>",2 sprouted-grain bread toasts + margarine + avocado + salt + pepper http://t.co/8BzVHyHfsC,,,,https://twitter.com/mizhnev/status/475180775394910208/photo/1
475189253454823000,,,2014-06-07 08:15:21 +0000,"<a href=""http://twitter.com/download/iphone"" rel=""nofollow"">Twitter for iPhone</a>",corn chips + old cheddar http://t.co/f2n0nRaCox,,,,https://twitter.com/mizhnev/status/475189253454823424/photo/1
475285830064304000,,,2014-06-07 14:39:06 +0000,"<a href=""http://twitter.com/download/iphone"" rel=""nofollow"">Twitter for iPhone</a>",coffee + half&amp;half http://t.co/W4FTkkILsJ,,,,https://twitter.com/mizhnev/status/475285830064304128/photo/1
475294095045190000,,,2014-06-07 15:11:57 +0000,"<a href=""http://twitter.com/download/iphone"" rel=""nofollow"">Twitter for iPhone</a>",coffee http://t.co/2mjk1h3LRx,,,,https://twitter.com/mizhnev/status/475294095045189632/photo/1
475315518459507000,,,2014-06-07 16:37:05 +0000,"<a href=""http://twitter.com/download/iphone"" rel=""nofollow"">Twitter for iPhone</a>",8 strawberries http://t.co/OltTFbK9dL,,,,https://twitter.com/mizhnev/status/475315518459506688/photo/1
475335122565075000,,,2014-06-07 17:54:59 +0000,"<a href=""http://twitter.com/download/iphone"" rel=""nofollow"">Twitter for iPhone</a>",coconut drinking milk + almonds + buckwheat groats + hemp hearts + chia seeds + cinnamon + vanilla extract http://t.co/yBGCOVH6o2,,,,https://twitter.com/mizhnev/status/475335122565074944/photo/1
475547486795227000,,,2014-06-08 07:58:50 +0000,"<a href=""http://twitter.com/download/iphone"" rel=""nofollow"">Twitter for iPhone</a>","canola oil + coconut oil + red onion + yellow onion + garlic + ginger + jalapeo + tomato paste + carrot + red lentils + lemon +  cumin + coriander + paprika + oregano + turmeric + ""chili powder"" + salt + black pepper + water + cilantro",,,,
475555097456280000,,,2014-06-08 08:29:05 +0000,"<a href=""http://twitter.com/download/iphone"" rel=""nofollow"">Twitter for iPhone</a>",more lentils ,,,,https://twitter.com/mizhnev/status/475555097456279552/photo/1
475555250426753000,,,2014-06-08 08:29:41 +0000,"<a href=""http://twitter.com/download/iphone"" rel=""nofollow"">Twitter for iPhone</a>",a tall glass of coconut drinking milk http://t.co/UUY8xoXbFc,,,,https://twitter.com/mizhnev/status/475555250426753024/photo/1
475561017502466000,,,2014-06-08 08:52:36 +0000,"<a href=""http://twitter.com/download/iphone"" rel=""nofollow"">Twitter for iPhone</a>",earl grey tea http://t.co/YwXdIBahM9,,,,https://twitter.com/mizhnev/status/475561017502466048/photo/1
475587716160029000,,,2014-06-08 10:38:42 +0000,"<a href=""http://twitter.com/download/iphone"" rel=""nofollow"">Twitter for iPhone</a>",watermelon + mint http://t.co/MYVABMyMe3,,,,https://twitter.com/mizhnev/status/475587716160028672/photo/1
475643943778935000,,,2014-06-08 14:22:07 +0000,"<a href=""http://twitter.com/download/iphone"" rel=""nofollow"">Twitter for iPhone</a>",coffee + half&amp;half http://t.co/TGQxh2yDBj,,,,https://twitter.com/mizhnev/status/475643943778934784/photo/1
475648732055101000,,,2014-06-08 14:41:09 +0000,"<a href=""http://twitter.com/download/iphone"" rel=""nofollow"">Twitter for iPhone</a>",coffee + half&amp;half http://t.co/dBAHOh5atz,,,,https://twitter.com/mizhnev/status/475648732055101440/photo/1
475656718890701000,,,2014-06-08 15:12:53 +0000,"<a href=""http://twitter.com/download/iphone"" rel=""nofollow"">Twitter for iPhone</a>",coffee http://t.co/zPJ7oqmtw2,,,,https://twitter.com/mizhnev/status/475656718890700801/photo/1
475698990369890000,,,2014-06-08 18:00:52 +0000,"<a href=""http://twitter.com/download/iphone"" rel=""nofollow"">Twitter for iPhone</a>",2 sprouted-grain bread toasts + margarine + 3 small tomatoes + salt + pepper http://t.co/ac8pbpOujk,,,,https://twitter.com/mizhnev/status/475698990369890305/photo/1
475714960547263000,,,2014-06-08 19:04:19 +0000,"<a href=""http://twitter.com/download/iphone"" rel=""nofollow"">Twitter for iPhone</a>","""roasted seasoned seaweed winter harvest"" (17 g) http://t.co/tElKq1sjqX",,,,https://twitter.com/mizhnev/status/475714960547262464/photo/1
475777378057065000,,,2014-06-08 23:12:21 +0000,"<a href=""http://twitter.com/download/iphone"" rel=""nofollow"">Twitter for iPhone</a>",leftover lentilfood http://t.co/848S3ShKBb,,,,https://twitter.com/mizhnev/status/475777378057064449/photo/1
475789698690847000,,,2014-06-09 00:01:18 +0000,"<a href=""http://twitter.com/download/iphone"" rel=""nofollow"">Twitter for iPhone</a>",chia seeds + coconut drinking milk + kiwifruit + strawberries http://t.co/6yGnfegKWa,,,,https://twitter.com/mizhnev/status/475789698690846722/photo/1
475837241051193000,,,2014-06-09 03:10:13 +0000,"<a href=""http://twitter.com/download/iphone"" rel=""nofollow"">Twitter for iPhone</a>",seaweed snacks http://t.co/jQTaDRXdFD,,,,https://twitter.com/mizhnev/status/475837241051193344/photo/1
475841150733931000,,,2014-06-09 03:25:45 +0000,"<a href=""http://twitter.com/download/iphone"" rel=""nofollow"">Twitter for iPhone</a>",a kiwifruit http://t.co/4YeUDXGz8j,,,,https://twitter.com/mizhnev/status/475841150733930496/photo/1
475845133053604000,,,2014-06-09 03:41:35 +0000,"<a href=""http://twitter.com/download/iphone"" rel=""nofollow"">Twitter for iPhone</a>",2 sprouted-grain bread toasts + margarine + caramelized onion hummus + old cheddar http://t.co/djny5WRNyB,,,,https://twitter.com/mizhnev/status/475845133053603840/photo/1
476119003195142000,,,2014-06-09 21:49:50 +0000,"<a href=""http://twitter.com/download/iphone"" rel=""nofollow"">Twitter for iPhone</a>",coffee + half&amp;half http://t.co/TDDS3vT0Xe,,,,https://twitter.com/mizhnev/status/476119003195142144/photo/1
476119269189489000,,,2014-06-09 21:50:54 +0000,"<a href=""http://twitter.com/download/iphone"" rel=""nofollow"">Twitter for iPhone</a>",2 sprouted-grain bread toasts + margarine + 2 campari tomatoes + salt + pepper http://t.co/5Nbl4Y7bXT,,,,https://twitter.com/mizhnev/status/476119269189488640/photo/1
476123839768695000,,,2014-06-09 22:09:04 +0000,"<a href=""http://twitter.com/download/iphone"" rel=""nofollow"">Twitter for iPhone</a>",coffee + half&amp;half http://t.co/PqvbdxyWLP,,,,https://twitter.com/mizhnev/status/476123839768694785/photo/1
476130263978631000,,,2014-06-09 22:34:35 +0000,"<a href=""http://twitter.com/download/iphone"" rel=""nofollow"">Twitter for iPhone</a>",kiwifruit http://t.co/laHzU1J7vj,,,,https://twitter.com/mizhnev/status/476130263978631168/photo/1
476141820351492000,,,2014-06-09 23:20:30 +0000,"<a href=""http://twitter.com/download/iphone"" rel=""nofollow"">Twitter for iPhone</a>",coffee + half&amp;half http://t.co/vkESUunY19,,,,https://twitter.com/mizhnev/status/476141820351492096/photo/1
476160714592121000,,,2014-06-10 00:35:35 +0000,"<a href=""http://twitter.com/download/iphone"" rel=""nofollow"">Twitter for iPhone</a>",a kiwifruit http://t.co/PXEN5TpgOo,,,,https://twitter.com/mizhnev/status/476160714592120833/photo/1
476181600967725000,,,2014-06-10 01:58:35 +0000,"<a href=""http://twitter.com/download/iphone"" rel=""nofollow"">Twitter for iPhone</a>",earl grey tea http://t.co/Bv3jjXtIGt,,,,https://twitter.com/mizhnev/status/476181600967725057/photo/1
476213573375390000,,,2014-06-10 04:05:38 +0000,"<a href=""http://twitter.com/download/iphone"" rel=""nofollow"">Twitter for iPhone</a>",crystallized ginger http://t.co/Jf14ovBftH,,,,https://twitter.com/mizhnev/status/476213573375389696/photo/1
476219410219151000,,,2014-06-10 04:28:49 +0000,"<a href=""http://twitter.com/download/iphone"" rel=""nofollow"">Twitter for iPhone</a>","some kind of short-shelf-life supermarket ""vegetable barley soup"" + cilantro http://t.co/Pw9thASQQ4",,,,https://twitter.com/mizhnev/status/476219410219151361/photo/1
476221941099934000,,,2014-06-10 04:38:53 +0000,"<a href=""http://twitter.com/download/iphone"" rel=""nofollow"">Twitter for iPhone</a>",dark chocolate with marzipan http://t.co/m4upUFsVmx,,,,https://twitter.com/mizhnev/status/476221941099933698/photo/1
476256143505756000,,,2014-06-10 06:54:47 +0000,"<a href=""http://twitter.com/download/iphone"" rel=""nofollow"">Twitter for iPhone</a>",crystallized ginger http://t.co/zid8o2ilR3,,,,https://twitter.com/mizhnev/status/476256143505756160/photo/1
476258698445070000,,,2014-06-10 07:04:56 +0000,"<a href=""http://twitter.com/download/iphone"" rel=""nofollow"">Twitter for iPhone</a>",1 multigrain toast + peanut butter + raspberry jam http://t.co/GhBaQ6BZdk,,,,https://twitter.com/mizhnev/status/476258698445070336/photo/1
476262568692953000,,,2014-06-10 07:20:19 +0000,"<a href=""http://twitter.com/download/iphone"" rel=""nofollow"">Twitter for iPhone</a>",1 multigrain toast + margarine + caramelized onion hummus + old cheddar http://t.co/Wrp4wJuqCZ,,,,https://twitter.com/mizhnev/status/476262568692953088/photo/1
476314967491113000,,,2014-06-10 10:48:32 +0000,"<a href=""http://twitter.com/download/iphone"" rel=""nofollow"">Twitter for iPhone</a>",2% coconut greek yogurt (175 g) + 3 strawberries + chia seeds (22 g) + hemp hearts (21 g) + buckwheat groats (17 g) http://t.co/CT28R5Z2mM,,,,https://twitter.com/mizhnev/status/476314967491112961/photo/1
476365519537197000,,,2014-06-10 14:09:24 +0000,"<a href=""http://twitter.com/download/iphone"" rel=""nofollow"">Twitter for iPhone</a>",2 multigrain toasts + peanut butter + raspberry jam http://t.co/jzXsWX7nI5,,,,https://twitter.com/mizhnev/status/476365519537197056/photo/1
476525636786217000,,,2014-06-11 00:45:39 +0000,"<a href=""http://twitter.com/download/iphone"" rel=""nofollow"">Twitter for iPhone</a>",2% coconut greek yogurt (170ish g) + hemp hearts (12 g) + chia seeds (13 g) + buckwheat groats (10 g) http://t.co/Z33t3GcgHY,,,,https://twitter.com/mizhnev/status/476525636786216961/photo/1
476526210294362000,,,2014-06-11 00:47:56 +0000,"<a href=""http://twitter.com/download/iphone"" rel=""nofollow"">Twitter for iPhone</a>",coffee + half&amp;half http://t.co/OweOdYq7mL,,,,https://twitter.com/mizhnev/status/476526210294362112/photo/1
476551763583967000,,,2014-06-11 02:29:29 +0000,"<a href=""http://twitter.com/download/iphone"" rel=""nofollow"">Twitter for iPhone</a>",coffee + half&amp;half w/ bonus gross-looking residues http://t.co/WTz7dSe4SW,,,,https://twitter.com/mizhnev/status/476551763583967232/photo/1
476567944185410000,,,2014-06-11 03:33:46 +0000,"<a href=""http://twitter.com/download/iphone"" rel=""nofollow"">Twitter for iPhone</a>",watermelon + mint http://t.co/ilPHw0K0P2,,,,https://twitter.com/mizhnev/status/476567944185409536/photo/1
476577072534401000,,,2014-06-11 04:10:03 +0000,"<a href=""http://twitter.com/download/iphone"" rel=""nofollow"">Twitter for iPhone</a>",crystallized ginger http://t.co/pkHjwmUt8H,,,,https://twitter.com/mizhnev/status/476577072534401025/photo/1
476588945916961000,,,2014-06-11 04:57:13 +0000,"<a href=""http://twitter.com/download/iphone"" rel=""nofollow"">Twitter for iPhone</a>",coffee + half&amp;half http://t.co/e0911Xy92k,,,,https://twitter.com/mizhnev/status/476588945916960768/photo/1
476598528710418000,,,2014-06-11 05:35:18 +0000,"<a href=""http://twitter.com/download/iphone"" rel=""nofollow"">Twitter for iPhone</a>",dark chocolate with marzipan + crystallized ginger http://t.co/gQS72ODvwz,,,,https://twitter.com/mizhnev/status/476598528710418432/photo/1
476604391873450000,,,2014-06-11 05:58:36 +0000,"<a href=""http://twitter.com/download/iphone"" rel=""nofollow"">Twitter for iPhone</a>",supermarket vegetable barley soup + 1 multigrain toast + margarine http://t.co/gIrrDDo1X2,,,,https://twitter.com/mizhnev/status/476604391873449984/photo/1
476642341701161000,,,2014-06-11 08:29:24 +0000,"<a href=""http://twitter.com/download/iphone"" rel=""nofollow"">Twitter for iPhone</a>",a mango (407 g) http://t.co/nk51Q2ERbY,,,,https://twitter.com/mizhnev/status/476642341701160960/photo/1
476663836540281000,,,2014-06-11 09:54:49 +0000,"<a href=""http://twitter.com/download/iphone"" rel=""nofollow"">Twitter for iPhone</a>",2 multigrain toasts + margarine + caramelized onion hummus + old cheddar http://t.co/xOtc1bmO9m,,,,https://twitter.com/mizhnev/status/476663836540280833/photo/1
476666548778586000,,,2014-06-11 10:05:35 +0000,"<a href=""http://twitter.com/download/iphone"" rel=""nofollow"">Twitter for iPhone</a>",crystallized ginger + an apple http://t.co/A2fuwz0jVw,,,,https://twitter.com/mizhnev/status/476666548778586112/photo/1
476706199442698000,,,2014-06-11 12:43:09 +0000,"<a href=""http://twitter.com/download/iphone"" rel=""nofollow"">Twitter for iPhone</a>",orange juice (200 mL) http://t.co/pu3bSgBBIf,,,,https://twitter.com/mizhnev/status/476706199442698240/photo/1
476787257685189000,,,2014-06-11 18:05:15 +0000,"<a href=""http://twitter.com/download/iphone"" rel=""nofollow"">Twitter for iPhone</a>",2 multigrain toasts + peanut butter + raspberry jam http://t.co/8MgLGwiPv0,,,,https://twitter.com/mizhnev/status/476787257685188609/photo/1
476787404506792000,,,2014-06-11 18:05:50 +0000,"<a href=""http://twitter.com/download/iphone"" rel=""nofollow"">Twitter for iPhone</a>",coffee + half&amp;half http://t.co/CmUqEVtoAf,,,,https://twitter.com/mizhnev/status/476787404506791937/photo/1
476791982912590000,,,2014-06-11 18:24:01 +0000,"<a href=""http://twitter.com/download/iphone"" rel=""nofollow"">Twitter for iPhone</a>",coffee + half&amp;half http://t.co/975SS2YrI5,,,,https://twitter.com/mizhnev/status/476791982912589824/photo/1
476802213956690000,,,2014-06-11 19:04:41 +0000,"<a href=""http://twitter.com/download/iphone"" rel=""nofollow"">Twitter for iPhone</a>",coffee + half&amp;half http://t.co/4HtS3uLos2,,,,https://twitter.com/mizhnev/status/476802213956689920/photo/1
476803107158913000,,,2014-06-11 19:08:13 +0000,"<a href=""http://twitter.com/download/iphone"" rel=""nofollow"">Twitter for iPhone</a>",an apple http://t.co/H5UVv6j8wz,,,,https://twitter.com/mizhnev/status/476803107158913024/photo/1
476876961860440000,,,2014-06-12 00:01:42 +0000,"<a href=""http://twitter.com/download/iphone"" rel=""nofollow"">Twitter for iPhone</a>",some veggie sandwiches and whatever http://t.co/ufZL9fIYsl,,,,https://twitter.com/mizhnev/status/476876961860440064/photo/1
476877052922974000,,,2014-06-12 00:02:04 +0000,"<a href=""http://twitter.com/download/iphone"" rel=""nofollow"">Twitter for iPhone</a>",coffee http://t.co/yDCh7OknN2,,,,https://twitter.com/mizhnev/status/476877052922974209/photo/1
476991842379002000,,,2014-06-12 07:38:11 +0000,"<a href=""http://twitter.com/download/iphone"" rel=""nofollow"">Twitter for iPhone</a>","carrots, spinach, tomatoes, blueberries, mango, cashews, wheat crackers, chia seeds, almond/coconut milk http://t.co/uD6aXh1pwS",,,,https://twitter.com/mizhnev/status/476991842379001857/photo/1
476992155236307000,,,2014-06-12 07:39:26 +0000,"<a href=""http://twitter.com/download/iphone"" rel=""nofollow"">Twitter for iPhone</a>",earl grey tea http://t.co/QVp0ACNj7m,,,,https://twitter.com/mizhnev/status/476992155236306945/photo/1
476994738432647000,,,2014-06-12 07:49:42 +0000,"<a href=""http://twitter.com/download/iphone"" rel=""nofollow"">Twitter for iPhone</a>",dark chocolate with marzipan http://t.co/u4d9Qtd4yi,,,,https://twitter.com/mizhnev/status/476994738432647168/photo/1
476999250883006000,,,2014-06-12 08:07:38 +0000,"<a href=""http://twitter.com/download/iphone"" rel=""nofollow"">Twitter for iPhone</a>",1 multigrain toast + 1 sprouted-grain toast + margarine + 2 cocktail tomatoes + salt + pepper http://t.co/8cvek940y7,,,,https://twitter.com/mizhnev/status/476999250883006464/photo/1
477084819117974000,,,2014-06-12 13:47:39 +0000,"<a href=""http://twitter.com/download/iphone"" rel=""nofollow"">Twitter for iPhone</a>",orange juice http://t.co/gmY8Xw4b8f,,,,https://twitter.com/mizhnev/status/477084819117973504/photo/1
477154285226955000,,,2014-06-12 18:23:41 +0000,"<a href=""http://twitter.com/download/iphone"" rel=""nofollow"">Twitter for iPhone</a>",2% coconut greek yogurt (182 g) + buckwheat (13 g) + chia (12 g) + hemp hearts (13g) + almonds (9 g) + cashews (12 g) http://t.co/eSra5wEWCx,,,,https://twitter.com/mizhnev/status/477154285226954752/photo/1
477157165006733000,,,2014-06-12 18:35:07 +0000,"<a href=""http://twitter.com/download/iphone"" rel=""nofollow"">Twitter for iPhone</a>",coffee + half&amp;half http://t.co/4B4yrG5pYQ,,,,https://twitter.com/mizhnev/status/477157165006733312/photo/1
477163330272903000,,,2014-06-12 18:59:37 +0000,"<a href=""http://twitter.com/download/iphone"" rel=""nofollow"">Twitter for iPhone</a>",coffee + half&amp;half http://t.co/IDofsfJw2N,,,,https://twitter.com/mizhnev/status/477163330272903169/photo/1
477195726649168000,,,2014-06-12 21:08:21 +0000,"<a href=""http://twitter.com/download/iphone"" rel=""nofollow"">Twitter for iPhone</a>",coffee + half&amp;half http://t.co/j1YVmvtVHs,,,,https://twitter.com/mizhnev/status/477195726649167872/photo/1
477212109642539000,,,2014-06-12 22:13:27 +0000,"<a href=""http://twitter.com/download/iphone"" rel=""nofollow"">Twitter for iPhone</a>",2 multigrain toasts + peanut butter + raspberry jam http://t.co/D0eeNSwPns,,,,https://twitter.com/mizhnev/status/477212109642539009/photo/1
477300952009953000,,,2014-06-13 04:06:29 +0000,"<a href=""http://twitter.com/download/iphone"" rel=""nofollow"">Twitter for iPhone</a>",COFFEE http://t.co/SDKvymsAbg,,,,https://twitter.com/mizhnev/status/477300952009953281/photo/1
477303537571881000,,,2014-06-13 01:11:45 +0000,"<a href=""http://twitter.com/download/iphone"" rel=""nofollow"">Twitter for iPhone</a>",vegan quinoa burgers + 2 sprouted-grain toasts + avocado + roasted garlic hummus + tomato http://t.co/WMBhdqa0HF,,,,https://twitter.com/mizhnev/status/477303537571880960/photo/1
477301668367700000,,,2014-06-13 02:09:20 +0000,"<a href=""http://twitter.com/download/iphone"" rel=""nofollow"">Twitter for iPhone</a>",red potatoes + yellow onions + margarine + salt + black pepper,,,,
